timestamp,nome_arquivo
2025-10-25 23:58:06.358486,2025-10-25_23-58-06-Processos 14071519000332.csv
2025-10-25 23:58:06.359481,2025-10-25_23-58-06 - 14071519000332.csv
2025-10-25 23:59:07.356728,2025-10-25_23-59-07-Processos 14071519000332.csv
2025-10-25 23:59:07.357619,2025-10-25_23-59-07 - 14071519000332.csv
2025-10-26 00:00:08.404562,2025-10-26_00-00-08-Processos 14071519000332.csv
2025-10-26 00:00:08.405443,2025-10-26_00-00-08 - 14071519000332.csv
2025-10-26 00:01:09.192536,2025-10-26_00-01-09-Processos 14071519000332.csv
2025-10-26 00:01:09.193388,2025-10-26_00-01-09 - 14071519000332.csv
2025-10-26 00:02:09.376784,2025-10-26_00-02-09-Processos 14071519000332.csv
2025-10-26 00:02:09.377651,2025-10-26_00-02-09 - 14071519000332.csv
2025-10-26 00:03:10.231571,2025-10-26_00-03-10-Processos 14071519000332.csv
2025-10-26 00:03:10.232492,2025-10-26_00-03-10 - 14071519000332.csv
2025-10-26 00:04:10.418047,2025-10-26_00-04-10-Processos 14071519000332.csv
2025-10-26 00:04:10.418963,2025-10-26_00-04-10 - 14071519000332.csv
2025-10-26 00:05:15.937142,2025-10-26_00-05-15-Processos 14071519000332.csv
2025-10-26 00:05:15.938169,2025-10-26_00-05-15 - 14071519000332.csv
2025-10-26 00:06:21.229038,2025-10-26_00-06-21-Processos 14071519000332.csv
2025-10-26 00:06:21.229890,2025-10-26_00-06-21 - 14071519000332.csv
2025-10-26 00:07:26.491575,2025-10-26_00-07-26-Processos 14071519000332.csv
2025-10-26 00:07:26.492454,2025-10-26_00-07-26 - 14071519000332.csv
2025-10-26 00:08:31.639060,2025-10-26_00-08-31-Processos 14071519000332.csv
2025-10-26 00:08:31.640024,2025-10-26_00-08-31 - 14071519000332.csv
2025-10-26 00:09:36.780092,2025-10-26_00-09-36-Processos 14071519000332.csv
2025-10-26 00:09:36.780924,2025-10-26_00-09-36 - 14071519000332.csv
2025-10-26 00:10:41.720152,2025-10-26_00-10-41-Processos 14071519000332.csv
2025-10-26 00:10:41.721026,2025-10-26_00-10-41 - 14071519000332.csv
2025-10-26 00:11:46.595338,2025-10-26_00-11-46-Processos 14071519000332.csv
2025-10-26 00:11:46.596350,2025-10-26_00-11-46 - 14071519000332.csv
2025-10-26 00:12:51.358202,2025-10-26_00-12-51-Processos 14071519000332.csv
2025-10-26 00:12:51.359123,2025-10-26_00-12-51 - 14071519000332.csv
2025-10-26 00:13:57.189929,2025-10-26_00-13-57-Processos 14071519000332.csv
2025-10-26 00:13:57.190790,2025-10-26_00-13-57 - 14071519000332.csv
2025-10-26 00:15:02.860568,2025-10-26_00-15-02-Processos 14071519000332.csv
2025-10-26 00:15:02.861465,2025-10-26_00-15-02 - 14071519000332.csv
2025-10-26 00:16:08.508546,2025-10-26_00-16-08-Processos 14071519000332.csv
2025-10-26 00:16:08.509448,2025-10-26_00-16-08 - 14071519000332.csv
2025-10-26 00:17:14.403834,2025-10-26_00-17-14-Processos 14071519000332.csv
2025-10-26 00:17:14.404694,2025-10-26_00-17-14 - 14071519000332.csv
2025-10-26 00:18:20.225571,2025-10-26_00-18-20-Processos 14071519000332.csv
2025-10-26 00:18:20.226492,2025-10-26_00-18-20 - 14071519000332.csv
2025-10-26 00:19:25.837508,2025-10-26_00-19-25-Processos 14071519000332.csv
2025-10-26 00:19:25.838449,2025-10-26_00-19-25 - 14071519000332.csv
2025-10-26 00:20:31.555440,2025-10-26_00-20-31-Processos 14071519000332.csv
2025-10-26 00:20:31.556350,2025-10-26_00-20-31 - 14071519000332.csv
2025-10-26 00:21:37.089872,2025-10-26_00-21-37-Processos 14071519000332.csv
2025-10-26 00:21:37.090791,2025-10-26_00-21-37 - 14071519000332.csv
2025-10-26 00:22:41.960596,2025-10-26_00-22-41-Processos 14071519000332.csv
2025-10-26 00:22:41.961541,2025-10-26_00-22-41 - 14071519000332.csv
2025-10-26 00:23:46.654340,2025-10-26_00-23-46-Processos 14071519000332.csv
2025-10-26 00:23:46.655214,2025-10-26_00-23-46 - 14071519000332.csv
2025-10-26 00:24:51.492178,2025-10-26_00-24-51-Processos 14071519000332.csv
2025-10-26 00:24:51.493071,2025-10-26_00-24-51 - 14071519000332.csv
2025-10-26 00:25:56.284135,2025-10-26_00-25-56-Processos 14071519000332.csv
2025-10-26 00:25:56.285070,2025-10-26_00-25-56 - 14071519000332.csv
2025-10-26 00:27:01.073800,2025-10-26_00-27-01-Processos 14071519000332.csv
2025-10-26 00:27:01.074816,2025-10-26_00-27-01 - 14071519000332.csv
2025-10-26 00:28:06.126789,2025-10-26_00-28-06-Processos 14071519000332.csv
2025-10-26 00:28:06.127744,2025-10-26_00-28-06 - 14071519000332.csv
2025-10-26 00:29:10.927156,2025-10-26_00-29-10-Processos 14071519000332.csv
2025-10-26 00:29:10.928038,2025-10-26_00-29-10 - 14071519000332.csv
